{
  "capabilities":
  [
    {
      "browserName": "firefox",
      "maxInstances": 5,
      "seleniumProtocol": "WebDriver"
    },
    {
      "browserName": "chrome",
      "maxInstances": 5,
      "seleniumProtocol": "WebDriver"
    },
    {
      "browserName": "internet explorer",
      "maxInstances": 1,
      "seleniumProtocol": "WebDriver"
    }
  ],
  "proxy": "org.openqa.grid.selenium.proxy.DefaultRemoteProxy",
  "maxSession": 1,
  "port": 5555,
  "register": true,
  "registerCycle": 5000,
  "hub": "http://10.176.91.246:4444",
  "nodeStatusCheckTimeout": 5000,
  "nodePolling": 5000
}