{"1401218335":{"1401218335-1":{"product":"Sheet1","set":"Set1","testName":"D:\\Softwares\\Checklist\\OnBoarding_Web\\Data_Web.xlsx","testDetails":"Script : com.checklist.scripts.SearchScript\nConfig : D:\\Softwares\\Checklist\\OnBoarding_Web\\config.xml\nDataFile : D:\\Softwares\\Checklist\\OnBoarding_Web\\Data_Web.xlsx\nBrowser : Firefox","status":"Requested","logFile":""},"1401218335-2":{"product":"Sheet2","set":"Set2","testName":"D:\\Softwares\\Checklist\\OnBoarding_Web\\Data2.xlsx","testDetails":"Script : com.checklist.scripts.SearchScript\nConfig : D:\\Softwares\\Checklist\\OnBoarding_Web\\config.xml\nDataFile : D:\\Softwares\\Checklist\\OnBoarding_Web\\Data_Web.xlsx\nBrowser : Firefox","status":"Requested","logFile":""}}}
